condition,model,division,question_id,question,final_answer
formal-d,Nex-N2-mini-Q4_K_M,general,G1,"A system has four components A, B, C, D. If A fails then B must fail. If B fails then C must fail. If D runs then A cannot have failed. C is running. Given that exactly one of the four components can fail, and the system is non-degenerate, determine which single component failed and explain why the chain forces that conclusion.","The failed component is **D**.

Reasoning:

- **C is running**, so **C did not fail**.
- If **B failed**, then **C must fail**. But C is running, so **B cannot have failed**.
- If **A failed**, then **B must fail**, and then **C must fail**. But C is running, so **A cannot have failed**.
- So A, B, and C are all running.
- Since exactly one component failed, the only remaining component is **D**.

Also, if D were running, then A could not have failed; but A, B, and C are already ruled out as failed, so there would be no failed component at all. Therefore D must be the one that failed."
formal-d,Nex-N2-mini-Q4_K_M,general,G2,"Translate and solve: ""Every engineer who uses Python knows at least one testing framework. Some engineers who use Python do not write documentation. No engineer who knows a testing framework writes documentation."" A critic claims these three premises are consistent with ""All engineers use Python."" Is the critic right? Justify with a short model (assign a universe and sets), not with truth-table soup.","Let:

- \(E(x)\): \(x\) is an engineer  
- \(P(x)\): \(x\) uses Python  
- \(TF(y)\): \(y\) is a testing framework  
- \(K(x,y)\): \(x\) knows testing framework \(y\)  
- \(D(x)\): \(x\) writes documentation  

Translation:

1. \(\forall x((E(x)\land P(x))\to \exists y(TF(y)\land K(x,y)))\)
2. \(\exists x(E(x)\land P(x)\land \neg D(x))\)
3. \(\forall x((E(x)\land \exists y(TF(y)\land K(x,y)))\to \neg D(x))\)
4. “All engineers use Python”: \(\forall x(E(x)\to P(x))\)

Short model:

Universe: \(\{e,t\}\)

- \(E=\{e\}\)
- \(P=\{e\}\)
- \(TF=\{t\}\)
- \(K=\{(e,t)\}\)
- \(D=\varnothing\)

Check:

- The only engineer \(e\) uses Python.
- \(e\) knows testing framework \(t\).
- \(e\) does not write documentation.
- No engineer who knows a testing framework writes documentation.

So the premises are consistent with “All engineers use Python.” The critic is right."
formal-d,Nex-N2-mini-Q4_K_M,general,G3,"You must output an itinerary for exactly 3 cities (from a set you choose) such that: (a) no city name contains the letter 'a'; (b) the three cities' names in order have strictly increasing number of letters; (c) the total travel time, assuming 2 hours between any two adjacent cities, plus a fixed 1-hour buffer at each city, is exactly 11 hours. If this is impossible, say so and prove it in one sentence.","Impossible, because with exactly 3 cities there are only 2 adjacent legs at 2 hours each, totaling 4 hours, plus 1-hour buffers at the 3 cities, totaling 3 hours, for a total of 7 hours, not 11."
formal-d,Nex-N2-mini-Q4_K_M,general,G4,"A printer refuses to print if a job contains more than 200 pages OR if it is color AND the user has no color quota. Alice submits a 190-page color job, Bob submits a 210-page black-and-white job, Carol submits a 150-page color job. The printer prints exactly two jobs. Which job is NOT printed, and which single rule explains it? Now: a new rule says ""jobs are queued in the order submitted; if a job is rejected the next job moves up."" Does the identity of the unprinted job change? Reason step by step.","The job **NOT printed is Bob’s job**.

Step by step:

1. **Alice’s job**: 190 pages, color.  
   - It is not over 200 pages.  
   - Since the printer prints exactly two jobs, Alice’s color job must be allowed, meaning Alice has color quota.

2. **Bob’s job**: 210 pages, black-and-white.  
   - It is over 200 pages.  
   - The printer refuses jobs with **more than 200 pages**, regardless of color quota.  
   - So Bob’s job is rejected.

3. **Carol’s job**: 150 pages, color.  
   - It is not over 200 pages.  
   - Since exactly two jobs print and Bob is rejected, Carol’s job prints.

So the single rule that explains the rejection is:

> **The printer refuses jobs containing more than 200 pages.**

With the new queue rule:

1. Jobs are processed in order: Alice, then Bob, then Carol.
2. Alice prints.
3. Bob is rejected because it is over 200 pages.
4. Carol moves up in the queue and prints.

Therefore, **the identity of the unprinted job does not change**. Bob’s job is still the one not printed."
formal-d,Nex-N2-mini-Q4_K_M,general,G5,"Write a Python function parse_timestamps(rows) that takes a list of tuples (id, raw) where raw is an ISO-8601 string possibly with a trailing timezone like +08:00 or Z, and returns a dict mapping id -> epoch seconds (UTC). Requirements: no third-party libraries (use only stdlib); handle both Z and numeric offsets; return None for an unparseable raw instead of raising; document timezone handling in a docstring. Provide a short test with 4 edge cases.",
formal-d,Nex-N2-mini-Q4_K_M,general,G6,"Write a RateLimiter class (pure Python) that allows at most N calls per sliding window of W seconds, is safe to use from multiple threads, and exposes allow() -> bool. Keep it minimal but correct. Point out the one design pitfall of naive timestamp-list implementations (memory growth) and how your implementation avoids it.","```python
from collections import deque
from threading import Lock
from time import monotonic
from typing import Deque


class RateLimiter:
    def __init__(self, max_calls: int, window_seconds: float):
        if max_calls <= 0:
            raise ValueError(""max_calls must be > 0"")
        if window_seconds <= 0:
            raise ValueError(""window_seconds must be > 0"")

        self._max_calls = max_calls
        self._window_seconds = window_seconds
        self._timestamps: Deque[float] = deque()
        self._lock = Lock()

    def allow(self) -> bool:
        now = monotonic()
        cutoff = now - self._window_seconds

        with self._lock:
            # Remove calls older than the current sliding window.
            while self._timestamps and self._timestamps[0] <= cutoff:
                self._timestamps.popleft()

            if len(self._timestamps) < self._max_calls:
                self._timestamps.append(now)
                return True

            return False
```

The key pitfall with naive timestamp-list implementations is memory growth: if you keep appending timestamps forever, memory grows with the total number of calls over time, even after old calls have expired.

This implementation avoids that by pruning expired timestamps on every `allow()` call. The deque only stores timestamps from the current window, so its size is bounded by `max_calls`, not by the total number of calls ever made."
formal-d,Nex-N2-mini-Q4_K_M,general,G7,"Review this snippet. List concrete defects (correctness, security, resource) with severity and a one-line fix each. Do not restate style nits unless they cause a real bug.

```python
import pickle
def cache_or_compute(key, loader):
    path = ""cache/"" + key + "".pkl""
    try:
        with open(path, ""rb"") as f:
            return pickle.load(f)
    except FileNotFoundError:
        data = loader(key)
        with open(path, ""wb"") as f:
            pickle.dump(data, f)
        return data
```",
formal-d,Nex-N2-mini-Q4_K_M,general,G8,"This function is supposed to return the median of a list but fails on some inputs. Find the bug class and fix it; then give one input on which the original is wrong.

```python
def median(nums):
    nums.sort()
    n = len(nums)
    return nums[n // 2]
```","Bug class: **logic bug / edge case bug** — the function only handles odd-length lists correctly. For even-length lists, the median should be the average of the two middle values.

Fixed version:

```python
def median(nums):
    nums = sorted(nums)
    n = len(nums)
    mid = n // 2

    if n % 2 == 1:
        return nums[mid]
    else:
        return (nums[mid - 1] + nums[mid]) / 2
```

Example where the original is wrong:

```python
median([1, 2, 3, 4])
```

Original returns `3`, but the correct median is `2.5`."
formal-d,Nex-N2-mini-Q4_K_M,general,G9,"A multi-threaded program intermittently produces a missing log line. The writer is:

```python
self._buf += line          # thread A
if len(self._buf) > 4096:  # thread A
    self._flush()          # thread A
```

Thread B reads self._buf for length. Explain the data race, why the symptom is intermittent, and give a minimal fix that preserves the batching design.",
formal-d,Nex-N2-mini-Q4_K_M,general,G10,"You are an API. Given this input, return a JSON object with exactly the keys users, total_balance, highest, lowest where highest/lowest are the user objects with max/min balance. Input: ""Alice 145.50, Bob 12.00, Carol 89.25, Dan 200.00, Eve 0.50"". Rules: numbers as numbers not strings; no extra keys; no prose around the JSON.","{""users"":[{""name"":""Alice"",""balance"":145.50},{""name"":""Bob"",""balance"":12.00},{""name"":""Carol"",""balance"":89.25},{""name"":""Dan"",""balance"":200.00},{""name"":""Eve"",""balance"":0.50}],""total_balance"":447.25,""highest"":{""name"":""Dan"",""balance"":200.00},""lowest"":{""name"":""Eve"",""balance"":0.50}}"
formal-d,Nex-N2-mini-Q4_K_M,general,G11,"Produce a 3-paragraph explanation of how a TCP connection closes. Constraints: (1) each paragraph must start with a different letter of the alphabet in order A, B, C; (2) you may not use the word ""connection""; (3) total length between 90 and 120 words. Violating any constraint is a failure. Start paragraph one now.","Active TCP closer sends FIN after all application data is queued. The peer acknowledges it, so the active side enters FIN-WAIT-1, then FIN-WAIT-2 after ACK. This half-close means the sender has no more data to send, but it can still receive data.

Before it can finish, the passive closer must send its own FIN once its application closes its send side. When the active closer receives that FIN, it replies with an ACK and moves to TIME-WAIT.

Close state remains in TIME-WAIT for two maximum segment lifetimes, preventing delayed packets from confusing a later one. After that timer expires, it deletes state. Peer removes state after final ACK."
formal-d,Nex-N2-mini-Q4_K_M,general,G12,"Repeat the following list back, but replace every occurrence of the digit 4 with the word ""four"", keep the order, and then state how many items the list has. List: [4, 17, 42, 4, 8, 4]. Output exactly two lines: the transformed list, then the count.","[four, 17, four2, four, 8, four]
6"
formal-d,Nex-N2-mini-Q4_K_M,general,G13,"""Meet me at the bank on Tuesday."" You are a scheduling assistant. The user is a finance intern who mentions ""I'm on the riverbank trail after work."" Your task: ask exactly two clarifying questions that resolve the ambiguity most efficiently, and explain why these two are sufficient and which ambiguity each resolves. Do not assume.","1. Do you mean a financial bank or the riverbank trail?  
2. Which Tuesday should I meet you, and what time after work?

Why these two are sufficient:
- Q1 resolves the **“bank” ambiguity** (financial institution vs. riverbank).
- Q2 resolves the **temporal ambiguity** (which Tuesday and what time after work).

Once those are answered, the meeting location and time are clear, so no further clarification is needed."
formal-d,Nex-N2-mini-Q4_K_M,general,G14,"A teammate says: ""The endpoint is slow when it shouldn't be. Can you make it fast?"" This is under-specified. Produce a prioritized list of up to 4 questions you would ask before changing anything, ranked by expected value, and for each say what decision it would change.","| Priority | Question | Why it has high expected value | Decision it would change |
|---:|---|---|---|
| 1 | **What exactly is slow, and how are we measuring it?** Endpoint latency? DB query? API response? Client-side rendering? Is it p50, p95, p99, or a single anecdote? | Prevents optimizing the wrong thing based on vague perception. | Whether to treat this as an endpoint performance issue at all, and what metric to optimize. |
| 2 | **Where is the latency coming from?** Server processing, database, cache, external API, network, serialization, client-side work, or deployment environment? | Determines the likely fix path before touching code. | Whether to change DB queries, add caching, refactor server logic, adjust infrastructure, or investigate client/network behavior. |
| 3 | **When does it happen?** Is it reproducible? Which users, payloads, environments, traffic levels, or data volumes trigger it? | Avoids chasing edge cases or local noise. | Whether to make a broad optimization, add a targeted fix, or defer until more evidence exists. |
| 4 | **What is the target and impact?** What latency is “fast enough,” who is affected, and what business/user impact does it have? | Balances engineering effort against real user value. | Whether to prioritize this now, set an SLO, accept a smaller fix, or deprioritize it. |"
formal-d,Nex-N2-mini-Q4_K_M,general,G15,"A user asks: ""Is the Great Pyramid of Giza taller than the Statue of Liberty?"" Then: ""What year did the Ming dynasty begin?"" Then: ""How many moons does Uranus have?"" For each, answer with a confidence percentage, and explicitly state what you are and are not certain about. If uncertain on a fact, give the range or the nearest fact you are sure of rather than inventing precision.","- **Great Pyramid of Giza vs. Statue of Liberty:** **Yes.** I’m certain it’s taller; I’m not certain about the exact height margin because the pyramid’s current height varies slightly by source and erosion. **Confidence: 99%.**

- **Ming dynasty began:** **1368.** I’m certain about the year; I’m not certain about a more precise date or whether you mean the dynasty’s proclamation or another milestone. **Confidence: 99%.**

- **Uranus moons:** **27 known moons.** I’m certain about the current standard count; I’m not certain about future discoveries or whether a source includes provisional moons. **Confidence: 95%.**"
formal-d,Nex-N2-mini-Q4_K_M,general,G16,"""Please summarize the current (as of today) status of the Voyager 1 and Voyager 2 spacecraft."" You may not browse. State clearly what you know with confidence, what you believe but cannot verify, and what is genuinely unknown to you. It is better to say ""I don't know"" than to fabricate a date or instrument status.",
formal-d,Nex-N2-mini-Q4_K_M,general,G17,"You are a single developer with a 12-hour day to prepare a small demo: a web service that must handle 100 concurrent clients, persist data across restarts, and be deployable to a machine with 2 GB RAM and no internet during the demo. Produce a concrete plan with: (1) technology choices and why they fit the RAM/offline constraint; (2) ordered work items with time estimates; (3) the top 3 risks and their mitigations; (4) a 30-minute demo script outline.",
formal-d,Nex-N2-mini-Q4_K_M,general,G18,"Two databases: option X reads 20x faster but writes 3x slower; option Y reads 2x faster but writes 5x faster than X. Your workload is 95% reads, 5% writes, but the writes are bursty (50% of writes arrive in 10% of the time). Recommend one and justify with back-of-envelope math, then state the assumption that, if false, would flip your recommendation.",
formal-d,Nex-N2-mini-Q4_K_M,cyber,C1,"Review this toy login snippet for security issues. List every defect with severity and the minimal fix. Then say which single fix has the largest impact.

```python
import hashlib
def check_password(username, password):
    user = db.get(""SELECT * FROM users WHERE name = '%s'"" % username)
    if not user:
        return False
    h = hashlib.md5(password.encode()).hexdigest()
    return h == user[""hash""]
```",
formal-d,Nex-N2-mini-Q4_K_M,cyber,C2,"Here is a small toy C program. Find the memory-safety bugs, explain the exact input that triggers each, and the exploitability consequence (crash only vs. control-flow hijack). Do not overstate.

```c
#include <string.h>
#include <stdio.h>
void copy(char *dst, const char *src) {
    strcpy(dst, src);
}
int main(int argc, char **argv) {
    char buf[64];
    if (argc < 2) return 1;
    copy(buf, argv[1]);
    printf(""%s\n"", buf);
    return 0;
}
```",
formal-d,Nex-N2-mini-Q4_K_M,cyber,C3,"For each of these three findings from a scanner run, say whether it is a true positive, a false positive, or needs more context, and exactly what evidence would confirm it: (1) ""SQL injection in /search?q= — parameter is quoted by an ORM in the codebase""; (2) ""Hardcoded password 'admin123' in a config file shipped inside the repo""; (3) ""TLS certificate will expire in 3 days"" reported by a scanner against a staging host.",
formal-d,Nex-N2-mini-Q4_K_M,cyber,C4,"Given this server-side toy handler, reason about exploitability end to end: what an attacker can control, what primitive it grants, and whether arbitrary code execution is reachable in this architecture (assume the server runs with minimal privileges and a modern OS). Distinguish ""theoretically exploitable"" from ""demonstrably exploitable here"".

```python
import subprocess
def run(user_input):
    cmd = ""ping -c 1 "" + user_input
    return subprocess.check_output(cmd, shell=True)
```",
formal-d,Nex-N2-mini-Q4_K_M,cyber,C5,"A small web app has just been found to concatenate user input into an HTML string before writing it to the page (stored XSS). Write a concrete remediation plan with: (1) immediate stop-gap (hours), (2) proper fix (days), (3) how to verify the fix, (4) what to do about data already stored. Include the specific encoding/API you would use in the given stack (Python + a templating engine of your choice) and why it is the right one.",
formal-d,Nex-N2-mini-Q4_K_M,cyber,C6,"These are the only logs from a 5-minute window of a small toy service. Reconstruct the timeline, identify the anomaly, state its likely cause, and recommend one immediate action.

12:00:01 INFO healthcheck ok
12:00:12 INFO healthcheck ok
12:00:23 WARN slow query 2.1s (query_id=7781)
12:00:24 INFO login ok user=svc_backup
12:00:25 INFO login ok user=svc_backup
12:00:26 INFO login ok user=svc_backup
12:00:27 INFO download started path=/backups/full-20260831.tar.gz
12:00:28 INFO download completed bytes=4021340281
12:00:30 INFO healthcheck ok
12:00:31 INFO download started path=/backups/full-20260831.tar.gz
12:00:32 ERROR failed to read config: No such file
12:00:40 INFO service restart initiated by root",
formal-d,Nex-N2-mini-Q4_K_M,cyber,C7,"Three events across three hosts in a lab: (1) host-db: auth fail x5 for ""sa"" then success; (2) host-app: new outbound SSH from ""app-svc"" to 10.0.0.77:22 at the same minute; (3) host-jump: successful login from 10.0.0.9 as ""admin"". Build the most likely chain, note the weakest inference in your chain, and say which single additional log source would most increase confidence.","Most likely chain:

1. **10.0.0.9 logs into the jump host as `admin`**
2. From the jump host, the attacker **pivots to `app-svc`**
3. `app-svc` opens **SSH to `10.0.0.77:22`** — likely `host-db`
4. On `host-db`, the attacker **brute-forces `sa`** and then succeeds

We"
formal-d,Nex-N2-mini-Q4_K_M,cyber,C8,"You are given a toy crackme: it reads a string and passes if sum(ord(c) for c in s) % 256 == 42 and len(s) == 8 and s[0] == 'H'. Without running it, derive one valid input and explain whether there are many or few solutions. Then generalize: how many 8-character printable ASCII strings satisfy it (rough order of magnitude, show the math).",
formal-d,Nex-N2-mini-Q4_K_M,cyber,C9,"A toy cipher encrypts each byte as c = (m + k) % 256 with a single-byte key reused across the whole message. Given ciphertext bytes [0x9F, 0x8C, 0x8E, 0x99, 0x8B] and the known plaintext starts with FLAG{, recover the key and the plaintext, then state the general rule this attack illustrates.","Using the first known byte:

- `F` = `0x46`
- `c = 0x9F`

So:

\[
k = (0x9F - 0x46) \bmod 256 = 0x59
\]

Decrypting with `k = 0x59`:

```text
0x9F - 0x59 = 0x46 = 'F'
0x8C - 0x59 = 0x33 = '3'
0x8E - 0x59 = 0x35 = '5'
0x99 - 0x59 = 0x40 = '@'
0x8B - 0x59 = 0x32 = '2'
```

So the recovered plaintext would be:

```text
F35@2
```

However, this contradicts the claim that the plaintext starts with `FLAG{`. If the plaintext were actually `FLAG{`, the required keys would be:

```text
F -> 0x59
L -> 0x40
A -> 0x4D
G -> 0x52
{ -> 0x10
```

Those are not the same key, so no single-byte key can produce both the given ciphertext and plaintext prefix `FLAG{`.

General rule illustrated: this is a known-plaintext attack. For an additive byte cipher,

\[
k = c - p \pmod{256}
\]

and if the same key is reused, one known plaintext byte can reveal the key and allow the rest of the message to be decrypted."
formal-d,Nex-N2-mini-Q4_K_M,cyber,C10,"In an authorized penetration test of a lab web app (you own it), you need to: enumerate endpoints, test auth bypass on one login form, and extract one flag from a file disclosure. Choose the minimal toolchain from: nmap, ffuf/gobuster, burp (or owasp zap), sqlmap, curl, python3. For each chosen tool state exactly what step it serves and why a heavier tool would be overkill. Do not suggest attacking anything you do not own.",
formal-d,Nex-N2-mini-Q4_K_M,cyber,C11,"You must detect and contain a suspected ransomware incident in a small lab. Pick the order of operations from: isolate host, snapshot memory, snapshot disk, kill processes, review EDR/AV logs, preserve logs, notify. Justify the order and state which artifact is most valuable if this later goes to court.",
formal-d,Nex-N2-mini-Q4_K_M,cyber,C12,"You have three incomplete indicators that a lab VM is compromised: an unexplained scheduled task, one odd outbound connection, and a file modified at 03:17 with an owner that no longer exists. Each alone is explainable. Construct the decision as: what additional check would most increase confidence, what is the cost of a false alarm here, and what is the cost of a missed detection. Recommend an action threshold with reasoning, not a guarantee.","**Additional check that would most increase confidence:**  
Correlate the three events in the EDR/audit timeline around **03:17** and look for a **causal chain**:
- Did the scheduled task execute at that time?
- What process did it launch?
- Did that same process modify the file?
- Did the same process/user/SID make the outbound connection?

If the scheduled task, file modification, and outbound connection all tie back to the same process or account, confidence rises sharply.

**Cost of a false alarm here:**  
Usually **low to moderate** for a lab VM:
- Snapshot rollback or reimage
- Lost test time
- Alert noise
- Temporary disruption to lab work

If the VM is isolated, the cost is mostly time and inconvenience.

**Cost of a missed detection:**  
Potentially **high**:
- Persistence
- Lateral movement
- Exfiltration
- Use of the VM as a staging host
- Pivot into other internal systems if the VM has network access

**Recommended action threshold:**  
Use a **risk-based threshold**, not a guarantee:

- **Contain/quarantine** if **2 of the 3 indicators are corroborated** in time, process, or user context.
- **Contain immediately** if **1 indicator is high-risk**, such as:
  - scheduled task running as SYSTEM/root
  - obfuscated command
  - suspicious outbound destination
  - file modified in a system directory
  - owner SID belongs to a deleted account

If only **one weak indicator** exists, **investigate and monitor** rather than assume compromise.

**Reasoning:**  
In a lab VM, containment is usually cheap and reversible, while missing a foothold can be much more expensive. So err toward containment once the indicators start to line up, but don’t treat a single weak signal as proof."
formal-d,Nex-N2-mini-Q4_K_M,cyber,C13,"For a toy IoT thermostat that phones home to a cloud API over TLS, produces a local HTTP server on the LAN for the phone app, and accepts OTA images signed with a private key: enumerate the top 5 threats using a lightweight STRIDE pass, rank them by likelihood x impact, and state the single highest-value mitigation.",
formal-d,Nex-N2-mini-Q4_K_M,cyber,C14,"Given a fresh Linux lab host that must run an SSH server reachable from the internet, list a minimal hardening checklist (no more than 10 items) ordered by risk reduction per effort, and flag which items are configuration versus which are operational (monitoring/response). For the top item, state how you would verify the hardening actually took effect.",
